--
-- PostgreSQL database dump
--

-- Dumped from database version 14.13 (Ubuntu 14.13-0ubuntu0.22.04.1)
-- Dumped by pg_dump version 14.13 (Ubuntu 14.13-0ubuntu0.22.04.1)

SET statement_timeout = 0;
SET lock_timeout = 0;
SET idle_in_transaction_session_timeout = 0;
SET client_encoding = 'UTF8';
SET standard_conforming_strings = on;
SELECT pg_catalog.set_config('search_path', '', false);
SET check_function_bodies = false;
SET xmloption = content;
SET client_min_messages = warning;
SET row_security = off;

SET default_tablespace = '';

SET default_table_access_method = heap;

--
-- Name: auth_group; Type: TABLE; Schema: public; Owner: mrdzhofik
--

CREATE TABLE public.auth_group (
    id integer NOT NULL,
    name character varying(150) NOT NULL
);


ALTER TABLE public.auth_group OWNER TO mrdzhofik;

--
-- Name: auth_group_id_seq; Type: SEQUENCE; Schema: public; Owner: mrdzhofik
--

ALTER TABLE public.auth_group ALTER COLUMN id ADD GENERATED BY DEFAULT AS IDENTITY (
    SEQUENCE NAME public.auth_group_id_seq
    START WITH 1
    INCREMENT BY 1
    NO MINVALUE
    NO MAXVALUE
    CACHE 1
);


--
-- Name: auth_group_permissions; Type: TABLE; Schema: public; Owner: mrdzhofik
--

CREATE TABLE public.auth_group_permissions (
    id bigint NOT NULL,
    group_id integer NOT NULL,
    permission_id integer NOT NULL
);


ALTER TABLE public.auth_group_permissions OWNER TO mrdzhofik;

--
-- Name: auth_group_permissions_id_seq; Type: SEQUENCE; Schema: public; Owner: mrdzhofik
--

ALTER TABLE public.auth_group_permissions ALTER COLUMN id ADD GENERATED BY DEFAULT AS IDENTITY (
    SEQUENCE NAME public.auth_group_permissions_id_seq
    START WITH 1
    INCREMENT BY 1
    NO MINVALUE
    NO MAXVALUE
    CACHE 1
);


--
-- Name: auth_permission; Type: TABLE; Schema: public; Owner: mrdzhofik
--

CREATE TABLE public.auth_permission (
    id integer NOT NULL,
    name character varying(255) NOT NULL,
    content_type_id integer NOT NULL,
    codename character varying(100) NOT NULL
);


ALTER TABLE public.auth_permission OWNER TO mrdzhofik;

--
-- Name: auth_permission_id_seq; Type: SEQUENCE; Schema: public; Owner: mrdzhofik
--

ALTER TABLE public.auth_permission ALTER COLUMN id ADD GENERATED BY DEFAULT AS IDENTITY (
    SEQUENCE NAME public.auth_permission_id_seq
    START WITH 1
    INCREMENT BY 1
    NO MINVALUE
    NO MAXVALUE
    CACHE 1
);


--
-- Name: auth_user; Type: TABLE; Schema: public; Owner: mrdzhofik
--

CREATE TABLE public.auth_user (
    id integer NOT NULL,
    password character varying(128) NOT NULL,
    last_login timestamp with time zone,
    is_superuser boolean NOT NULL,
    username character varying(150) NOT NULL,
    first_name character varying(150) NOT NULL,
    last_name character varying(150) NOT NULL,
    email character varying(254) NOT NULL,
    is_staff boolean NOT NULL,
    is_active boolean NOT NULL,
    date_joined timestamp with time zone NOT NULL
);


ALTER TABLE public.auth_user OWNER TO mrdzhofik;

--
-- Name: auth_user_groups; Type: TABLE; Schema: public; Owner: mrdzhofik
--

CREATE TABLE public.auth_user_groups (
    id bigint NOT NULL,
    user_id integer NOT NULL,
    group_id integer NOT NULL
);


ALTER TABLE public.auth_user_groups OWNER TO mrdzhofik;

--
-- Name: auth_user_groups_id_seq; Type: SEQUENCE; Schema: public; Owner: mrdzhofik
--

ALTER TABLE public.auth_user_groups ALTER COLUMN id ADD GENERATED BY DEFAULT AS IDENTITY (
    SEQUENCE NAME public.auth_user_groups_id_seq
    START WITH 1
    INCREMENT BY 1
    NO MINVALUE
    NO MAXVALUE
    CACHE 1
);


--
-- Name: auth_user_id_seq; Type: SEQUENCE; Schema: public; Owner: mrdzhofik
--

ALTER TABLE public.auth_user ALTER COLUMN id ADD GENERATED BY DEFAULT AS IDENTITY (
    SEQUENCE NAME public.auth_user_id_seq
    START WITH 1
    INCREMENT BY 1
    NO MINVALUE
    NO MAXVALUE
    CACHE 1
);


--
-- Name: auth_user_user_permissions; Type: TABLE; Schema: public; Owner: mrdzhofik
--

CREATE TABLE public.auth_user_user_permissions (
    id bigint NOT NULL,
    user_id integer NOT NULL,
    permission_id integer NOT NULL
);


ALTER TABLE public.auth_user_user_permissions OWNER TO mrdzhofik;

--
-- Name: auth_user_user_permissions_id_seq; Type: SEQUENCE; Schema: public; Owner: mrdzhofik
--

ALTER TABLE public.auth_user_user_permissions ALTER COLUMN id ADD GENERATED BY DEFAULT AS IDENTITY (
    SEQUENCE NAME public.auth_user_user_permissions_id_seq
    START WITH 1
    INCREMENT BY 1
    NO MINVALUE
    NO MAXVALUE
    CACHE 1
);


--
-- Name: django_admin_log; Type: TABLE; Schema: public; Owner: mrdzhofik
--

CREATE TABLE public.django_admin_log (
    id integer NOT NULL,
    action_time timestamp with time zone NOT NULL,
    object_id text,
    object_repr character varying(200) NOT NULL,
    action_flag smallint NOT NULL,
    change_message text NOT NULL,
    content_type_id integer,
    user_id integer NOT NULL,
    CONSTRAINT django_admin_log_action_flag_check CHECK ((action_flag >= 0))
);


ALTER TABLE public.django_admin_log OWNER TO mrdzhofik;

--
-- Name: django_admin_log_id_seq; Type: SEQUENCE; Schema: public; Owner: mrdzhofik
--

ALTER TABLE public.django_admin_log ALTER COLUMN id ADD GENERATED BY DEFAULT AS IDENTITY (
    SEQUENCE NAME public.django_admin_log_id_seq
    START WITH 1
    INCREMENT BY 1
    NO MINVALUE
    NO MAXVALUE
    CACHE 1
);


--
-- Name: django_content_type; Type: TABLE; Schema: public; Owner: mrdzhofik
--

CREATE TABLE public.django_content_type (
    id integer NOT NULL,
    app_label character varying(100) NOT NULL,
    model character varying(100) NOT NULL
);


ALTER TABLE public.django_content_type OWNER TO mrdzhofik;

--
-- Name: django_content_type_id_seq; Type: SEQUENCE; Schema: public; Owner: mrdzhofik
--

ALTER TABLE public.django_content_type ALTER COLUMN id ADD GENERATED BY DEFAULT AS IDENTITY (
    SEQUENCE NAME public.django_content_type_id_seq
    START WITH 1
    INCREMENT BY 1
    NO MINVALUE
    NO MAXVALUE
    CACHE 1
);


--
-- Name: django_migrations; Type: TABLE; Schema: public; Owner: mrdzhofik
--

CREATE TABLE public.django_migrations (
    id bigint NOT NULL,
    app character varying(255) NOT NULL,
    name character varying(255) NOT NULL,
    applied timestamp with time zone NOT NULL
);


ALTER TABLE public.django_migrations OWNER TO mrdzhofik;

--
-- Name: django_migrations_id_seq; Type: SEQUENCE; Schema: public; Owner: mrdzhofik
--

ALTER TABLE public.django_migrations ALTER COLUMN id ADD GENERATED BY DEFAULT AS IDENTITY (
    SEQUENCE NAME public.django_migrations_id_seq
    START WITH 1
    INCREMENT BY 1
    NO MINVALUE
    NO MAXVALUE
    CACHE 1
);


--
-- Name: django_session; Type: TABLE; Schema: public; Owner: mrdzhofik
--

CREATE TABLE public.django_session (
    session_key character varying(40) NOT NULL,
    session_data text NOT NULL,
    expire_date timestamp with time zone NOT NULL
);


ALTER TABLE public.django_session OWNER TO mrdzhofik;

--
-- Name: tour_excursion; Type: TABLE; Schema: public; Owner: mrdzhofik
--

CREATE TABLE public.tour_excursion (
    id bigint NOT NULL,
    name character varying(50) NOT NULL,
    "interval" character varying(50) NOT NULL,
    description text NOT NULL
);


ALTER TABLE public.tour_excursion OWNER TO mrdzhofik;

--
-- Name: tour_excursion_id_seq; Type: SEQUENCE; Schema: public; Owner: mrdzhofik
--

ALTER TABLE public.tour_excursion ALTER COLUMN id ADD GENERATED BY DEFAULT AS IDENTITY (
    SEQUENCE NAME public.tour_excursion_id_seq
    START WITH 1
    INCREMENT BY 1
    NO MINVALUE
    NO MAXVALUE
    CACHE 1
);


--
-- Name: tour_excursion_photo; Type: TABLE; Schema: public; Owner: mrdzhofik
--

CREATE TABLE public.tour_excursion_photo (
    id bigint NOT NULL,
    excursion_id bigint NOT NULL,
    photo character varying(100) NOT NULL
);


ALTER TABLE public.tour_excursion_photo OWNER TO mrdzhofik;

--
-- Name: tour_excursion_photo_id_seq; Type: SEQUENCE; Schema: public; Owner: mrdzhofik
--

ALTER TABLE public.tour_excursion_photo ALTER COLUMN id ADD GENERATED BY DEFAULT AS IDENTITY (
    SEQUENCE NAME public.tour_excursion_photo_id_seq
    START WITH 1
    INCREMENT BY 1
    NO MINVALUE
    NO MAXVALUE
    CACHE 1
);


--
-- Name: tour_hotel; Type: TABLE; Schema: public; Owner: mrdzhofik
--

CREATE TABLE public.tour_hotel (
    id bigint NOT NULL,
    name character varying(50) NOT NULL,
    info text NOT NULL,
    adress character varying(100) NOT NULL
);


ALTER TABLE public.tour_hotel OWNER TO mrdzhofik;

--
-- Name: tour_hotel_id_seq; Type: SEQUENCE; Schema: public; Owner: mrdzhofik
--

ALTER TABLE public.tour_hotel ALTER COLUMN id ADD GENERATED BY DEFAULT AS IDENTITY (
    SEQUENCE NAME public.tour_hotel_id_seq
    START WITH 1
    INCREMENT BY 1
    NO MINVALUE
    NO MAXVALUE
    CACHE 1
);


--
-- Name: tour_hotel_photo; Type: TABLE; Schema: public; Owner: mrdzhofik
--

CREATE TABLE public.tour_hotel_photo (
    id bigint NOT NULL,
    hotel_id bigint NOT NULL,
    photo character varying(100) NOT NULL
);


ALTER TABLE public.tour_hotel_photo OWNER TO mrdzhofik;

--
-- Name: tour_hotel_photo_id_seq; Type: SEQUENCE; Schema: public; Owner: mrdzhofik
--

ALTER TABLE public.tour_hotel_photo ALTER COLUMN id ADD GENERATED BY DEFAULT AS IDENTITY (
    SEQUENCE NAME public.tour_hotel_photo_id_seq
    START WITH 1
    INCREMENT BY 1
    NO MINVALUE
    NO MAXVALUE
    CACHE 1
);


--
-- Name: tour_tour; Type: TABLE; Schema: public; Owner: mrdzhofik
--

CREATE TABLE public.tour_tour (
    id bigint NOT NULL,
    name character varying(50) NOT NULL,
    price integer NOT NULL,
    town_id bigint NOT NULL,
    photo character varying(100) NOT NULL,
    description text NOT NULL,
    end_date date NOT NULL,
    start_date date NOT NULL,
    hotel_description text NOT NULL
);


ALTER TABLE public.tour_tour OWNER TO mrdzhofik;

--
-- Name: tour_tour_excursion; Type: TABLE; Schema: public; Owner: mrdzhofik
--

CREATE TABLE public.tour_tour_excursion (
    id bigint NOT NULL,
    excursion_id bigint NOT NULL,
    tour_id bigint NOT NULL,
    date date NOT NULL
);


ALTER TABLE public.tour_tour_excursion OWNER TO mrdzhofik;

--
-- Name: tour_tour_excursion_id_seq; Type: SEQUENCE; Schema: public; Owner: mrdzhofik
--

ALTER TABLE public.tour_tour_excursion ALTER COLUMN id ADD GENERATED BY DEFAULT AS IDENTITY (
    SEQUENCE NAME public.tour_tour_excursion_id_seq
    START WITH 1
    INCREMENT BY 1
    NO MINVALUE
    NO MAXVALUE
    CACHE 1
);


--
-- Name: tour_tour_hotel; Type: TABLE; Schema: public; Owner: mrdzhofik
--

CREATE TABLE public.tour_tour_hotel (
    id bigint NOT NULL,
    hotel_id bigint NOT NULL,
    tour_id bigint NOT NULL
);


ALTER TABLE public.tour_tour_hotel OWNER TO mrdzhofik;

--
-- Name: tour_tour_hotel_id_seq; Type: SEQUENCE; Schema: public; Owner: mrdzhofik
--

ALTER TABLE public.tour_tour_hotel ALTER COLUMN id ADD GENERATED BY DEFAULT AS IDENTITY (
    SEQUENCE NAME public.tour_tour_hotel_id_seq
    START WITH 1
    INCREMENT BY 1
    NO MINVALUE
    NO MAXVALUE
    CACHE 1
);


--
-- Name: tour_tour_id_seq; Type: SEQUENCE; Schema: public; Owner: mrdzhofik
--

ALTER TABLE public.tour_tour ALTER COLUMN id ADD GENERATED BY DEFAULT AS IDENTITY (
    SEQUENCE NAME public.tour_tour_id_seq
    START WITH 1
    INCREMENT BY 1
    NO MINVALUE
    NO MAXVALUE
    CACHE 1
);


--
-- Name: tour_town; Type: TABLE; Schema: public; Owner: mrdzhofik
--

CREATE TABLE public.tour_town (
    id bigint NOT NULL,
    name character varying(50) NOT NULL
);


ALTER TABLE public.tour_town OWNER TO mrdzhofik;

--
-- Name: tour_town_id_seq; Type: SEQUENCE; Schema: public; Owner: mrdzhofik
--

ALTER TABLE public.tour_town ALTER COLUMN id ADD GENERATED BY DEFAULT AS IDENTITY (
    SEQUENCE NAME public.tour_town_id_seq
    START WITH 1
    INCREMENT BY 1
    NO MINVALUE
    NO MAXVALUE
    CACHE 1
);


--
-- Data for Name: auth_group; Type: TABLE DATA; Schema: public; Owner: mrdzhofik
--

COPY public.auth_group (id, name) FROM stdin;
\.


--
-- Data for Name: auth_group_permissions; Type: TABLE DATA; Schema: public; Owner: mrdzhofik
--

COPY public.auth_group_permissions (id, group_id, permission_id) FROM stdin;
\.


--
-- Data for Name: auth_permission; Type: TABLE DATA; Schema: public; Owner: mrdzhofik
--

COPY public.auth_permission (id, name, content_type_id, codename) FROM stdin;
1	Can add log entry	1	add_logentry
2	Can change log entry	1	change_logentry
3	Can delete log entry	1	delete_logentry
4	Can view log entry	1	view_logentry
5	Can add permission	2	add_permission
6	Can change permission	2	change_permission
7	Can delete permission	2	delete_permission
8	Can view permission	2	view_permission
9	Can add group	3	add_group
10	Can change group	3	change_group
11	Can delete group	3	delete_group
12	Can view group	3	view_group
13	Can add user	4	add_user
14	Can change user	4	change_user
15	Can delete user	4	delete_user
16	Can view user	4	view_user
17	Can add content type	5	add_contenttype
18	Can change content type	5	change_contenttype
19	Can delete content type	5	delete_contenttype
20	Can view content type	5	view_contenttype
21	Can add session	6	add_session
22	Can change session	6	change_session
23	Can delete session	6	delete_session
24	Can view session	6	view_session
25	Can add Город	7	add_town
26	Can change Город	7	change_town
27	Can delete Город	7	delete_town
28	Can view Город	7	view_town
29	Can add Тур	8	add_tour
30	Can change Тур	8	change_tour
31	Can delete Тур	8	delete_tour
32	Can view Тур	8	view_tour
33	Can add Отель	9	add_hotel
34	Can change Отель	9	change_hotel
35	Can delete Отель	9	delete_hotel
36	Can view Отель	9	view_hotel
37	Can add hotel_photo	10	add_hotel_photo
38	Can change hotel_photo	10	change_hotel_photo
39	Can delete hotel_photo	10	delete_hotel_photo
40	Can view hotel_photo	10	view_hotel_photo
41	Can add tour_ info	11	add_tour_info
42	Can change tour_ info	11	change_tour_info
43	Can delete tour_ info	11	delete_tour_info
44	Can view tour_ info	11	view_tour_info
45	Can add Экскурсии	12	add_excursion
46	Can change Экскурсии	12	change_excursion
47	Can delete Экскурсии	12	delete_excursion
48	Can view Экскурсии	12	view_excursion
49	Can add Тур-Экскурсии	13	add_tour_excursion
50	Can change Тур-Экскурсии	13	change_tour_excursion
51	Can delete Тур-Экскурсии	13	delete_tour_excursion
52	Can view Тур-Экскурсии	13	view_tour_excursion
53	Can add Тур-Отели	14	add_tour_hotel
54	Can change Тур-Отели	14	change_tour_hotel
55	Can delete Тур-Отели	14	delete_tour_hotel
56	Can view Тур-Отели	14	view_tour_hotel
57	Can add Фото экскурсии	15	add_excursion_photo
58	Can change Фото экскурсии	15	change_excursion_photo
59	Can delete Фото экскурсии	15	delete_excursion_photo
60	Can view Фото экскурсии	15	view_excursion_photo
\.


--
-- Data for Name: auth_user; Type: TABLE DATA; Schema: public; Owner: mrdzhofik
--

COPY public.auth_user (id, password, last_login, is_superuser, username, first_name, last_name, email, is_staff, is_active, date_joined) FROM stdin;
1	pbkdf2_sha256$870000$vL69vsws7ANgid0PfEtDcd$gqF19IOBt2+a8AfQWk6ujudEj/ICdQNyIpM/JK5azvA=	2024-10-17 08:06:31.629669+03	t	mrdzhofik			djafarovemil04@mail.ru	t	t	2024-10-17 08:06:12.028122+03
\.


--
-- Data for Name: auth_user_groups; Type: TABLE DATA; Schema: public; Owner: mrdzhofik
--

COPY public.auth_user_groups (id, user_id, group_id) FROM stdin;
\.


--
-- Data for Name: auth_user_user_permissions; Type: TABLE DATA; Schema: public; Owner: mrdzhofik
--

COPY public.auth_user_user_permissions (id, user_id, permission_id) FROM stdin;
\.


--
-- Data for Name: django_admin_log; Type: TABLE DATA; Schema: public; Owner: mrdzhofik
--

COPY public.django_admin_log (id, action_time, object_id, object_repr, action_flag, change_message, content_type_id, user_id) FROM stdin;
1	2024-10-17 08:07:47.409709+03	1	Гагра	1	[{"added": {}}]	7	1
2	2024-10-19 19:08:37.848676+03	2	Абхазские новогодние каникулы	1	[{"added": {}}]	8	1
3	2024-10-22 13:24:50.013418+03	1	Гагра	2	[]	7	1
4	2024-10-22 13:24:59.329833+03	2	Абхазские новогодние каникулы	2	[{"changed": {"fields": ["\\u0414\\u0430\\u0442\\u0430 \\u043a\\u043e\\u043d\\u0446\\u0430"]}}]	8	1
5	2024-10-22 13:29:26.489262+03	2	Абхазские новогодние каникулы	2	[{"changed": {"fields": ["\\u0424\\u043e\\u0442\\u043e"]}}]	8	1
6	2024-10-22 13:49:47.590872+03	2	Абхазские новогодние каникулы	2	[{"changed": {"fields": ["\\u0426\\u0435\\u043d\\u0430 \\u0442\\u0443\\u0440\\u0430"]}}]	8	1
7	2024-10-22 13:49:54.408428+03	2	Абхазские новогодние каникулы	2	[]	8	1
8	2024-10-22 14:19:44.743818+03	2	Новогодние каникулы по-абхазски	2	[{"changed": {"fields": ["\\u041d\\u0430\\u0437\\u0432\\u0430\\u043d\\u0438\\u0435 \\u0442\\u0443\\u0440\\u0430"]}}]	8	1
9	2024-10-22 14:20:13.700297+03	2	Новогодние каникулы по-абхазски	2	[{"changed": {"fields": ["\\u041e\\u043f\\u0438\\u0441\\u0430\\u043d\\u0438\\u0435"]}}]	8	1
10	2024-10-22 14:29:46.525813+03	2	Новогодние каникулы по-абхазски	2	[{"changed": {"fields": ["\\u041e\\u043f\\u0438\\u0441\\u0430\\u043d\\u0438\\u0435"]}}]	8	1
11	2024-10-22 14:39:09.898853+03	2	Новогодние каникулы по-абхазски	2	[{"changed": {"fields": ["\\u041e\\u043f\\u0438\\u0441\\u0430\\u043d\\u0438\\u0435"]}}]	8	1
12	2024-10-25 15:01:12.341834+03	1	Вечерняя Гагра	1	[{"added": {}}]	12	1
13	2024-10-25 15:05:38.344583+03	1	Вечерняя Гагра - /media/excursions/gagripsh.jpeg	1	[{"added": {}}]	15	1
14	2024-10-25 15:06:17.049226+03	1	Вечерняя Гагра - /media/excursions/gagripsh.jpeg	2	[]	15	1
15	2024-10-25 15:06:53.137738+03	1	Вечерняя Гагра - /media/excursion/gagripsh.jpeg	2	[{"changed": {"fields": ["\\u0424\\u043e\\u0442\\u043e"]}}]	15	1
16	2024-10-25 15:07:20.301189+03	1	Вечерняя Гагра - /media/excursion/gagripsh_xONisfW.jpeg	2	[{"changed": {"fields": ["\\u0424\\u043e\\u0442\\u043e"]}}]	15	1
17	2024-10-25 15:08:11.983056+03	1	Вечерняя Гагра - /media/excursion/gagripsh.jpeg	2	[{"changed": {"fields": ["\\u0424\\u043e\\u0442\\u043e"]}}]	15	1
18	2024-10-25 15:08:45.121887+03	1	Вечерняя Гагра - /media/excursion/gagripsh_IoD7FYi.jpeg	2	[{"changed": {"fields": ["\\u0424\\u043e\\u0442\\u043e"]}}]	15	1
19	2024-10-25 15:09:10.462939+03	1	Вечерняя Гагра - /media/excursion/gagripsh_31Ol1HF.jpeg	2	[{"changed": {"fields": ["\\u0424\\u043e\\u0442\\u043e"]}}]	15	1
20	2024-10-25 15:09:35.948131+03	1	Вечерняя Гагра - /media/excursion/%D0%92%D0%B5%D1%87%D0%B5%D1%80%D0%BD%D1%8F%D1%8F%20%D0%93%D0%B0%D0%B3%D1%80%D0%B0/gagripsh.jpeg	2	[{"changed": {"fields": ["\\u0424\\u043e\\u0442\\u043e"]}}]	15	1
21	2024-10-25 15:11:19.687797+03	1	Вечерняя Гагра - /media/excursion/%D0%92%D0%B5%D1%87%D0%B5%D1%80%D0%BD%D1%8F%D1%8F%20%D0%93%D0%B0%D0%B3%D1%80%D0%B0/gagripsh_GeUODxR.jpeg	2	[{"changed": {"fields": ["\\u0424\\u043e\\u0442\\u043e"]}}]	15	1
22	2024-10-25 15:11:55.015733+03	1	Вечерняя Гагра - /media/excursion/%D0%92%D0%B5%D1%87%D0%B5%D1%80%D0%BD%D1%8F%D1%8F%20%D0%93%D0%B0%D0%B3%D1%80%D0%B0/gagripsh_rND0mKO.jpeg	2	[{"changed": {"fields": ["\\u0424\\u043e\\u0442\\u043e"]}}]	15	1
23	2024-10-25 15:13:12.801942+03	1	Вечерняя Гагра - gagripsh.jpeg	2	[{"changed": {"fields": ["\\u0424\\u043e\\u0442\\u043e"]}}]	15	1
24	2024-10-25 15:13:27.862508+03	2	Вечерняя Гагра - images.jpeg	1	[{"added": {}}]	15	1
25	2024-10-25 15:14:18.318431+03	3	Вечерняя Гагра - zamok-princa-oldenburgskogo.jpg	1	[{"added": {}}]	15	1
26	2024-10-25 15:19:46.016458+03	2	Черниговка + Термальные источники	1	[{"added": {}}]	12	1
27	2024-10-25 15:21:52.154011+03	4	Черниговка + Термальные источники - cherni.jpg	1	[{"added": {}}]	15	1
28	2024-10-25 15:22:01.940343+03	5	Черниговка + Термальные источники - govka.jpeg	1	[{"added": {}}]	15	1
29	2024-10-25 15:22:08.643497+03	6	Черниговка + Термальные источники - Kyndyg.jpg	1	[{"added": {}}]	15	1
30	2024-10-25 15:22:46.660953+03	7	Черниговка + Термальные источники - kyndyg2.jpeg	1	[{"added": {}}]	15	1
31	2024-10-28 13:37:54.905021+03	2	Новогодние каникулы по-абхазски	2	[{"changed": {"fields": ["\\u041e\\u043f\\u0438\\u0441\\u0430\\u043d\\u0438\\u0435 \\u043e\\u0442\\u0435\\u043b\\u0435\\u0439"]}}]	8	1
32	2024-10-28 14:21:22.169914+03	3	Этнографический парк "Апсны"	1	[{"added": {}}]	12	1
33	2024-10-28 14:21:38.662583+03	8	Этнографический парк "Апсны" - etnopark1.jpeg	1	[{"added": {}}]	15	1
34	2024-10-28 14:21:44.260953+03	9	Этнографический парк "Апсны" - etnopark2.jpeg	1	[{"added": {}}]	15	1
35	2024-10-28 14:21:50.790251+03	10	Этнографический парк "Апсны" - etnopark3.JPG	1	[{"added": {}}]	15	1
36	2024-10-28 14:22:29.679708+03	11	Этнографический парк "Апсны" - etnopark4.jpeg	1	[{"added": {}}]	15	1
37	2024-10-28 14:22:35.458329+03	12	Этнографический парк "Апсны" - etnopark5.jpeg	1	[{"added": {}}]	15	1
38	2024-10-28 14:23:17.372705+03	4	Абхазское застолье в с. Дурипш	1	[{"added": {}}]	12	1
39	2024-10-28 14:23:28.106396+03	13	Абхазское застолье в с. Дурипш - duripsh1.jpeg	1	[{"added": {}}]	15	1
40	2024-10-28 14:23:37.241712+03	14	Абхазское застолье в с. Дурипш - duripsh2.jpeg	1	[{"added": {}}]	15	1
41	2024-10-28 14:23:42.285022+03	15	Абхазское застолье в с. Дурипш - duripsh3.jpg	1	[{"added": {}}]	15	1
42	2024-10-28 14:23:46.97588+03	16	Абхазское застолье в с. Дурипш - duripsh4.jpg	1	[{"added": {}}]	15	1
43	2024-10-28 14:34:26.614324+03	5	Рица	1	[{"added": {}}]	12	1
44	2024-10-28 14:34:40.509977+03	5	Озеро Рица	2	[{"changed": {"fields": ["\\u041d\\u0430\\u0437\\u0432\\u0430\\u043d\\u0438\\u0435 \\u044d\\u043a\\u0441\\u043a\\u0443\\u0440\\u0441\\u0438\\u0438"]}}]	12	1
45	2024-10-28 14:34:49.871376+03	17	Озеро Рица - ritsa1.jpg	1	[{"added": {}}]	15	1
46	2024-10-28 14:34:54.090626+03	18	Озеро Рица - ritsa2.jpg	1	[{"added": {}}]	15	1
47	2024-10-28 14:35:00.688404+03	19	Озеро Рица - ritsa3.jpeg	1	[{"added": {}}]	15	1
48	2024-10-28 14:35:06.086785+03	20	Озеро Рица - ritsa4.jpeg	1	[{"added": {}}]	15	1
49	2024-10-28 14:39:15.285219+03	2	Новогодние каникулы по-абхазски-Озеро Рица	1	[{"added": {}}]	13	1
50	2024-10-28 14:39:50.22307+03	3	Новогодние каникулы по-абхазски - Черниговка + Термальные источники	1	[{"added": {}}]	13	1
51	2024-10-28 14:40:13.888717+03	4	Новогодние каникулы по-абхазски - Вечерняя Гагра	1	[{"added": {}}]	13	1
52	2024-10-28 14:40:30.864177+03	5	Новогодние каникулы по-абхазски - Абхазское застолье в с. Дурипш	1	[{"added": {}}]	13	1
53	2024-10-28 14:40:47.204375+03	6	Новогодние каникулы по-абхазски - Этнографический парк "Апсны"	1	[{"added": {}}]	13	1
54	2024-10-28 14:41:51.555643+03	19	Озеро Рица - ritsa3.jpg	2	[{"changed": {"fields": ["\\u0424\\u043e\\u0442\\u043e"]}}]	15	1
55	2024-10-28 14:59:29.678641+03	1	Руно	1	[{"added": {}}]	9	1
56	2024-10-28 15:03:12.962403+03	2	Гостевой дом D'Эмиль	1	[{"added": {}}]	9	1
57	2024-10-28 15:03:48.906999+03	1	Отель Руно	2	[{"changed": {"fields": ["\\u041d\\u0430\\u0437\\u0432\\u0430\\u043d\\u0438\\u0435", "\\u0410\\u0434\\u0440\\u0435\\u0441"]}}]	9	1
58	2024-10-28 15:04:26.37122+03	2	Новогодние каникулы по-абхазскиГостевой дом D'Эмиль	1	[{"added": {}}]	14	1
59	2024-10-28 15:04:34.02656+03	3	Новогодние каникулы по-абхазскиОтель Руно	1	[{"added": {}}]	14	1
\.


--
-- Data for Name: django_content_type; Type: TABLE DATA; Schema: public; Owner: mrdzhofik
--

COPY public.django_content_type (id, app_label, model) FROM stdin;
1	admin	logentry
2	auth	permission
3	auth	group
4	auth	user
5	contenttypes	contenttype
6	sessions	session
7	tour	town
8	tour	tour
9	tour	hotel
10	tour	hotel_photo
11	tour	tour_info
12	tour	excursion
13	tour	tour_excursion
14	tour	tour_hotel
15	tour	excursion_photo
\.


--
-- Data for Name: django_migrations; Type: TABLE DATA; Schema: public; Owner: mrdzhofik
--

COPY public.django_migrations (id, app, name, applied) FROM stdin;
1	contenttypes	0001_initial	2024-10-17 08:05:10.543709+03
2	auth	0001_initial	2024-10-17 08:05:10.611469+03
3	admin	0001_initial	2024-10-17 08:05:10.635535+03
4	admin	0002_logentry_remove_auto_add	2024-10-17 08:05:10.642515+03
5	admin	0003_logentry_add_action_flag_choices	2024-10-17 08:05:10.648437+03
6	contenttypes	0002_remove_content_type_name	2024-10-17 08:05:10.660476+03
7	auth	0002_alter_permission_name_max_length	2024-10-17 08:05:10.666656+03
8	auth	0003_alter_user_email_max_length	2024-10-17 08:05:10.674832+03
9	auth	0004_alter_user_username_opts	2024-10-17 08:05:10.68177+03
10	auth	0005_alter_user_last_login_null	2024-10-17 08:05:10.690691+03
11	auth	0006_require_contenttypes_0002	2024-10-17 08:05:10.692206+03
12	auth	0007_alter_validators_add_error_messages	2024-10-17 08:05:10.697708+03
13	auth	0008_alter_user_username_max_length	2024-10-17 08:05:10.706852+03
14	auth	0009_alter_user_last_name_max_length	2024-10-17 08:05:10.714463+03
15	auth	0010_alter_group_name_max_length	2024-10-17 08:05:10.723632+03
16	auth	0011_update_proxy_permissions	2024-10-17 08:05:10.728106+03
17	auth	0012_alter_user_first_name_max_length	2024-10-17 08:05:10.73506+03
18	sessions	0001_initial	2024-10-17 08:05:10.744614+03
19	tour	0001_initial	2024-10-17 08:07:30.032409+03
20	tour	0002_hotel_tour_photo_tour_text_alter_tour_town_and_more	2024-10-19 19:02:07.927991+03
21	tour	0003_remove_tour_date_tour_end_date_tour_start_date	2024-10-19 19:07:09.074407+03
22	tour	0004_excursion_alter_hotel_photo_options_hotel_adress_and_more	2024-10-22 13:46:56.859119+03
23	tour	0005_excursion_photo	2024-10-22 13:46:56.882689+03
24	tour	0006_alter_excursion_options_alter_tour_excursion_options_and_more	2024-10-25 14:44:50.261318+03
25	tour	0007_rename_text_tour_description_tour_hotel_description_and_more	2024-10-28 08:44:22.386353+03
\.


--
-- Data for Name: django_session; Type: TABLE DATA; Schema: public; Owner: mrdzhofik
--

COPY public.django_session (session_key, session_data, expire_date) FROM stdin;
ugyt9wkal4esaiz0s8nabl2zt1zn7vsq	.eJxVjMsOwiAQRf-FtSHDoxRduu83kIEZpGogKe3K-O_apAvd3nPOfYmA21rC1nkJM4mLUOL0u0VMD647oDvWW5Op1XWZo9wVedAup0b8vB7u30HBXr61twNZDdmDjR4joWY3crQITvEZ0GUE9h4TojUDJe2NctnQmIiJM4j3B_KpOOA:1t1IiV:q20cqsjOB4bBgb2oHjOMlLslGHSbGu3Kdhy7GeUSW2g	2024-10-31 08:06:31.631311+03
\.


--
-- Data for Name: tour_excursion; Type: TABLE DATA; Schema: public; Owner: mrdzhofik
--

COPY public.tour_excursion (id, name, "interval", description) FROM stdin;
1	Вечерняя Гагра	2 часа	По ходу экскурсии посетите достопримечательности города, постройки ещё досоветских времён. Подъедем к смотровой площадке, где открывается вид на Гагру с высота птичьего полёта. Затем посещаем старую Гагру где будут запечатлены замок принца Ольденбургского, ресторан Гагрипш и жемчужина Гагры - колоннада.
2	Черниговка + Термальные источники	10 часов	Отправляемся с Гагры, остановка на Сухумской набережной махаджиров. Далее по направлению к ущелью Черниговка останавливаемся на обед. После прогулки по ущелью, полный релакс в источнике села Кындыг.
3	Этнографический парк "Апсны"	3 часа	Этнопарк является крупнейшим выставочным комплексом Абхазии. Здесь мы познакомимся с историей Абхазии, классификацией строений со времён средневековья и ремесленной деятельностью абхазов.
4	Абхазское застолье в с. Дурипш	5 часов	Проводим вечер за столом полным абхазских национальных блюд и домашнего вина. Застолье сопровождается развлекательной программой в виде абхазских танцев и песнопений.
5	Озеро Рица	6 часов	Самое большое озеро в Абхазии, находится на высоте 950 м. над уровнем моря, является частью Рицинского реликтового национального парка. Дорога к озеру лежит между двумя горными хребтами. По пути к Рице увидите множество красивых пейзажей, реки, карстовые источники, богатую растительность заповедника.
\.


--
-- Data for Name: tour_excursion_photo; Type: TABLE DATA; Schema: public; Owner: mrdzhofik
--

COPY public.tour_excursion_photo (id, excursion_id, photo) FROM stdin;
1	1	excursion/Вечерняя Гагра/gagripsh.jpeg
2	1	excursion/Вечерняя Гагра/images.jpeg
3	1	excursion/Вечерняя Гагра/zamok-princa-oldenburgskogo.jpg
4	2	excursion/Черниговка + Термальные источники/cherni.jpg
5	2	excursion/Черниговка + Термальные источники/govka.jpeg
6	2	excursion/Черниговка + Термальные источники/Kyndyg.jpg
7	2	excursion/Черниговка + Термальные источники/kyndyg2.jpeg
8	3	excursion/Этнографический парк "Апсны"/etnopark1.jpeg
9	3	excursion/Этнографический парк "Апсны"/etnopark2.jpeg
10	3	excursion/Этнографический парк "Апсны"/etnopark3.JPG
11	3	excursion/Этнографический парк "Апсны"/etnopark4.jpeg
12	3	excursion/Этнографический парк "Апсны"/etnopark5.jpeg
13	4	excursion/Абхазское застолье в с. Дурипш/duripsh1.jpeg
14	4	excursion/Абхазское застолье в с. Дурипш/duripsh2.jpeg
15	4	excursion/Абхазское застолье в с. Дурипш/duripsh3.jpg
16	4	excursion/Абхазское застолье в с. Дурипш/duripsh4.jpg
17	5	excursion/Озеро Рица/ritsa1.jpg
18	5	excursion/Озеро Рица/ritsa2.jpg
20	5	excursion/Озеро Рица/ritsa4.jpeg
19	5	excursion/Озеро Рица/ritsa3.jpg
\.


--
-- Data for Name: tour_hotel; Type: TABLE DATA; Schema: public; Owner: mrdzhofik
--

COPY public.tour_hotel (id, name, info, adress) FROM stdin;
2	Гостевой дом D'Эмиль	Если хотите увидеть море и горы в их первозданной красоте, дорога вам — в Абхазию. Море — 10 мин. ходьбы (600−700 м.), пляж песчано-галечный. Аквапарк — 10−15 мин. ходьбы. Супермаркет «Континент» — 2 мин. ходьбы. Рынок — 10 мин. ходьбы.\r\nСтоловая № 1 — кафе «Мокко», ресторан «Мельница» на любую ценовую категорию — 1−2 мин. ходьбы. Cероводородные ванны — 2 мин. ходьбы. \r\nНомера на 2-ом этаже: 2-двухместный, 2-трехместных, 1-четырехместный. Санузел (2), душ (1) на этаже. Кондиционер- сплит система, плазменный телевизор (спутниковое телевидение), стеклопакеты с москитной сеткой, балкон с фасадной части дома. \r\nНомера на 3-ем этаже. Номера с кондиционерами (сплит-система), стеклопакеты с москитной сеткой, плазменный телевизор, спутниковое телевидение, мебель (кровать-двуспальная с ортопедическим матрасом 160*200, тумбы, шкаф, зеркало, комод) и шикарным постельным комплектом.\r\nНа этаже два душа, два санузела, холодильник для напитков на этаже. На 3-ем этаже 5 двухместных номеров. Балкон с фасадной части дома и с задней части дома. В каждом номере -полотенца. WI-FI  предоставляется бесплатно.	Абхазия, г. Гагра, ул. Демерджипа, 62
1	Отель Руно	Отель «РУНО» находится в центре г. Гагра, в районе центрального рынка и аквапарка. Отель «РУНО» представляет собой 3-х этажный корпус 2015 -го года постройки. Номерной фонд составляет 21 номер. Отдыхающим предлагаются 2-местные и 3-местные стандартные номера, оснащенные всем необходимым для комфортного отдыха. Из окон комнат открывается чудесный вид на море и горы. На территории работает Wi-Fi. Территория отеля благоустроенная и охраняется.	Абхазия, г. Гагра, ул. Абазгаа, 3-й пер., д. 13
\.


--
-- Data for Name: tour_hotel_photo; Type: TABLE DATA; Schema: public; Owner: mrdzhofik
--

COPY public.tour_hotel_photo (id, hotel_id, photo) FROM stdin;
\.


--
-- Data for Name: tour_tour; Type: TABLE DATA; Schema: public; Owner: mrdzhofik
--

COPY public.tour_tour (id, name, price, town_id, photo, description, end_date, start_date, hotel_description) FROM stdin;
2	Новогодние каникулы по-абхазски	35200	1	tour_photo/default.jpg	Экскурсионный обзорный тур, на протяжении путешествия вы насладитесь прекрасными видами и творением природы Абхазии. Посетим главную достопримечательность страны,  познакомимся с культурой абхазского народа, окунемся и расслабимся в термальных источниках. Экскурсии проводят квалифицированные гиды, с большим стажем. \r\n   Проживание на протяжении тура, в г. Гагра в гостевом доме. Рядом находится столовая и ТЦ. \r\n   В стоимость тура входит: проживание, трансфер с Адлера до гостевого дома, экскурсионная программа, входные билеты в Рицинский реликтовый национальный парк, ущелье Черниговка, этнографический парк, ужин на абхазском застолье, информационное сопровождение организатором на протяжении тура. \r\n   Не входит в стоимость: авиа и ж/д билеты, питание за исключением абхазского застолья, личные расходы\r\nПрибытие в Адлер до 12:00!!	2025-01-08	2025-01-03	Проживание будет в одном из гостевых домов.\r\nВне зависимости от места размещения, каждый гостевой дом располагается близко к центру города, рядом находится столовая и торговый центр.\r\nЕсть все необходимые удобства: WI-Fi, кондиционер, стиральная машина, постельное бельё, туалет, ванная, зона для приготовления еды
\.


--
-- Data for Name: tour_tour_excursion; Type: TABLE DATA; Schema: public; Owner: mrdzhofik
--

COPY public.tour_tour_excursion (id, excursion_id, tour_id, date) FROM stdin;
2	5	2	2025-01-04
3	2	2	2025-01-05
4	1	2	2025-01-06
5	4	2	2025-01-07
6	3	2	2025-01-08
\.


--
-- Data for Name: tour_tour_hotel; Type: TABLE DATA; Schema: public; Owner: mrdzhofik
--

COPY public.tour_tour_hotel (id, hotel_id, tour_id) FROM stdin;
2	2	2
3	1	2
\.


--
-- Data for Name: tour_town; Type: TABLE DATA; Schema: public; Owner: mrdzhofik
--

COPY public.tour_town (id, name) FROM stdin;
1	Гагра
\.


--
-- Name: auth_group_id_seq; Type: SEQUENCE SET; Schema: public; Owner: mrdzhofik
--

SELECT pg_catalog.setval('public.auth_group_id_seq', 1, false);


--
-- Name: auth_group_permissions_id_seq; Type: SEQUENCE SET; Schema: public; Owner: mrdzhofik
--

SELECT pg_catalog.setval('public.auth_group_permissions_id_seq', 1, false);


--
-- Name: auth_permission_id_seq; Type: SEQUENCE SET; Schema: public; Owner: mrdzhofik
--

SELECT pg_catalog.setval('public.auth_permission_id_seq', 60, true);


--
-- Name: auth_user_groups_id_seq; Type: SEQUENCE SET; Schema: public; Owner: mrdzhofik
--

SELECT pg_catalog.setval('public.auth_user_groups_id_seq', 1, false);


--
-- Name: auth_user_id_seq; Type: SEQUENCE SET; Schema: public; Owner: mrdzhofik
--

SELECT pg_catalog.setval('public.auth_user_id_seq', 1, true);


--
-- Name: auth_user_user_permissions_id_seq; Type: SEQUENCE SET; Schema: public; Owner: mrdzhofik
--

SELECT pg_catalog.setval('public.auth_user_user_permissions_id_seq', 1, false);


--
-- Name: django_admin_log_id_seq; Type: SEQUENCE SET; Schema: public; Owner: mrdzhofik
--

SELECT pg_catalog.setval('public.django_admin_log_id_seq', 59, true);


--
-- Name: django_content_type_id_seq; Type: SEQUENCE SET; Schema: public; Owner: mrdzhofik
--

SELECT pg_catalog.setval('public.django_content_type_id_seq', 15, true);


--
-- Name: django_migrations_id_seq; Type: SEQUENCE SET; Schema: public; Owner: mrdzhofik
--

SELECT pg_catalog.setval('public.django_migrations_id_seq', 25, true);


--
-- Name: tour_excursion_id_seq; Type: SEQUENCE SET; Schema: public; Owner: mrdzhofik
--

SELECT pg_catalog.setval('public.tour_excursion_id_seq', 5, true);


--
-- Name: tour_excursion_photo_id_seq; Type: SEQUENCE SET; Schema: public; Owner: mrdzhofik
--

SELECT pg_catalog.setval('public.tour_excursion_photo_id_seq', 20, true);


--
-- Name: tour_hotel_id_seq; Type: SEQUENCE SET; Schema: public; Owner: mrdzhofik
--

SELECT pg_catalog.setval('public.tour_hotel_id_seq', 2, true);


--
-- Name: tour_hotel_photo_id_seq; Type: SEQUENCE SET; Schema: public; Owner: mrdzhofik
--

SELECT pg_catalog.setval('public.tour_hotel_photo_id_seq', 1, false);


--
-- Name: tour_tour_excursion_id_seq; Type: SEQUENCE SET; Schema: public; Owner: mrdzhofik
--

SELECT pg_catalog.setval('public.tour_tour_excursion_id_seq', 6, true);


--
-- Name: tour_tour_hotel_id_seq; Type: SEQUENCE SET; Schema: public; Owner: mrdzhofik
--

SELECT pg_catalog.setval('public.tour_tour_hotel_id_seq', 3, true);


--
-- Name: tour_tour_id_seq; Type: SEQUENCE SET; Schema: public; Owner: mrdzhofik
--

SELECT pg_catalog.setval('public.tour_tour_id_seq', 2, true);


--
-- Name: tour_town_id_seq; Type: SEQUENCE SET; Schema: public; Owner: mrdzhofik
--

SELECT pg_catalog.setval('public.tour_town_id_seq', 1, true);


--
-- Name: auth_group auth_group_name_key; Type: CONSTRAINT; Schema: public; Owner: mrdzhofik
--

ALTER TABLE ONLY public.auth_group
    ADD CONSTRAINT auth_group_name_key UNIQUE (name);


--
-- Name: auth_group_permissions auth_group_permissions_group_id_permission_id_0cd325b0_uniq; Type: CONSTRAINT; Schema: public; Owner: mrdzhofik
--

ALTER TABLE ONLY public.auth_group_permissions
    ADD CONSTRAINT auth_group_permissions_group_id_permission_id_0cd325b0_uniq UNIQUE (group_id, permission_id);


--
-- Name: auth_group_permissions auth_group_permissions_pkey; Type: CONSTRAINT; Schema: public; Owner: mrdzhofik
--

ALTER TABLE ONLY public.auth_group_permissions
    ADD CONSTRAINT auth_group_permissions_pkey PRIMARY KEY (id);


--
-- Name: auth_group auth_group_pkey; Type: CONSTRAINT; Schema: public; Owner: mrdzhofik
--

ALTER TABLE ONLY public.auth_group
    ADD CONSTRAINT auth_group_pkey PRIMARY KEY (id);


--
-- Name: auth_permission auth_permission_content_type_id_codename_01ab375a_uniq; Type: CONSTRAINT; Schema: public; Owner: mrdzhofik
--

ALTER TABLE ONLY public.auth_permission
    ADD CONSTRAINT auth_permission_content_type_id_codename_01ab375a_uniq UNIQUE (content_type_id, codename);


--
-- Name: auth_permission auth_permission_pkey; Type: CONSTRAINT; Schema: public; Owner: mrdzhofik
--

ALTER TABLE ONLY public.auth_permission
    ADD CONSTRAINT auth_permission_pkey PRIMARY KEY (id);


--
-- Name: auth_user_groups auth_user_groups_pkey; Type: CONSTRAINT; Schema: public; Owner: mrdzhofik
--

ALTER TABLE ONLY public.auth_user_groups
    ADD CONSTRAINT auth_user_groups_pkey PRIMARY KEY (id);


--
-- Name: auth_user_groups auth_user_groups_user_id_group_id_94350c0c_uniq; Type: CONSTRAINT; Schema: public; Owner: mrdzhofik
--

ALTER TABLE ONLY public.auth_user_groups
    ADD CONSTRAINT auth_user_groups_user_id_group_id_94350c0c_uniq UNIQUE (user_id, group_id);


--
-- Name: auth_user auth_user_pkey; Type: CONSTRAINT; Schema: public; Owner: mrdzhofik
--

ALTER TABLE ONLY public.auth_user
    ADD CONSTRAINT auth_user_pkey PRIMARY KEY (id);


--
-- Name: auth_user_user_permissions auth_user_user_permissions_pkey; Type: CONSTRAINT; Schema: public; Owner: mrdzhofik
--

ALTER TABLE ONLY public.auth_user_user_permissions
    ADD CONSTRAINT auth_user_user_permissions_pkey PRIMARY KEY (id);


--
-- Name: auth_user_user_permissions auth_user_user_permissions_user_id_permission_id_14a6b632_uniq; Type: CONSTRAINT; Schema: public; Owner: mrdzhofik
--

ALTER TABLE ONLY public.auth_user_user_permissions
    ADD CONSTRAINT auth_user_user_permissions_user_id_permission_id_14a6b632_uniq UNIQUE (user_id, permission_id);


--
-- Name: auth_user auth_user_username_key; Type: CONSTRAINT; Schema: public; Owner: mrdzhofik
--

ALTER TABLE ONLY public.auth_user
    ADD CONSTRAINT auth_user_username_key UNIQUE (username);


--
-- Name: django_admin_log django_admin_log_pkey; Type: CONSTRAINT; Schema: public; Owner: mrdzhofik
--

ALTER TABLE ONLY public.django_admin_log
    ADD CONSTRAINT django_admin_log_pkey PRIMARY KEY (id);


--
-- Name: django_content_type django_content_type_app_label_model_76bd3d3b_uniq; Type: CONSTRAINT; Schema: public; Owner: mrdzhofik
--

ALTER TABLE ONLY public.django_content_type
    ADD CONSTRAINT django_content_type_app_label_model_76bd3d3b_uniq UNIQUE (app_label, model);


--
-- Name: django_content_type django_content_type_pkey; Type: CONSTRAINT; Schema: public; Owner: mrdzhofik
--

ALTER TABLE ONLY public.django_content_type
    ADD CONSTRAINT django_content_type_pkey PRIMARY KEY (id);


--
-- Name: django_migrations django_migrations_pkey; Type: CONSTRAINT; Schema: public; Owner: mrdzhofik
--

ALTER TABLE ONLY public.django_migrations
    ADD CONSTRAINT django_migrations_pkey PRIMARY KEY (id);


--
-- Name: django_session django_session_pkey; Type: CONSTRAINT; Schema: public; Owner: mrdzhofik
--

ALTER TABLE ONLY public.django_session
    ADD CONSTRAINT django_session_pkey PRIMARY KEY (session_key);


--
-- Name: tour_excursion_photo tour_excursion_photo_pkey; Type: CONSTRAINT; Schema: public; Owner: mrdzhofik
--

ALTER TABLE ONLY public.tour_excursion_photo
    ADD CONSTRAINT tour_excursion_photo_pkey PRIMARY KEY (id);


--
-- Name: tour_excursion tour_excursion_pkey; Type: CONSTRAINT; Schema: public; Owner: mrdzhofik
--

ALTER TABLE ONLY public.tour_excursion
    ADD CONSTRAINT tour_excursion_pkey PRIMARY KEY (id);


--
-- Name: tour_hotel_photo tour_hotel_photo_pkey; Type: CONSTRAINT; Schema: public; Owner: mrdzhofik
--

ALTER TABLE ONLY public.tour_hotel_photo
    ADD CONSTRAINT tour_hotel_photo_pkey PRIMARY KEY (id);


--
-- Name: tour_hotel tour_hotel_pkey; Type: CONSTRAINT; Schema: public; Owner: mrdzhofik
--

ALTER TABLE ONLY public.tour_hotel
    ADD CONSTRAINT tour_hotel_pkey PRIMARY KEY (id);


--
-- Name: tour_tour_excursion tour_tour_excursion_pkey; Type: CONSTRAINT; Schema: public; Owner: mrdzhofik
--

ALTER TABLE ONLY public.tour_tour_excursion
    ADD CONSTRAINT tour_tour_excursion_pkey PRIMARY KEY (id);


--
-- Name: tour_tour_hotel tour_tour_hotel_pkey; Type: CONSTRAINT; Schema: public; Owner: mrdzhofik
--

ALTER TABLE ONLY public.tour_tour_hotel
    ADD CONSTRAINT tour_tour_hotel_pkey PRIMARY KEY (id);


--
-- Name: tour_tour tour_tour_pkey; Type: CONSTRAINT; Schema: public; Owner: mrdzhofik
--

ALTER TABLE ONLY public.tour_tour
    ADD CONSTRAINT tour_tour_pkey PRIMARY KEY (id);


--
-- Name: tour_town tour_town_pkey; Type: CONSTRAINT; Schema: public; Owner: mrdzhofik
--

ALTER TABLE ONLY public.tour_town
    ADD CONSTRAINT tour_town_pkey PRIMARY KEY (id);


--
-- Name: auth_group_name_a6ea08ec_like; Type: INDEX; Schema: public; Owner: mrdzhofik
--

CREATE INDEX auth_group_name_a6ea08ec_like ON public.auth_group USING btree (name varchar_pattern_ops);


--
-- Name: auth_group_permissions_group_id_b120cbf9; Type: INDEX; Schema: public; Owner: mrdzhofik
--

CREATE INDEX auth_group_permissions_group_id_b120cbf9 ON public.auth_group_permissions USING btree (group_id);


--
-- Name: auth_group_permissions_permission_id_84c5c92e; Type: INDEX; Schema: public; Owner: mrdzhofik
--

CREATE INDEX auth_group_permissions_permission_id_84c5c92e ON public.auth_group_permissions USING btree (permission_id);


--
-- Name: auth_permission_content_type_id_2f476e4b; Type: INDEX; Schema: public; Owner: mrdzhofik
--

CREATE INDEX auth_permission_content_type_id_2f476e4b ON public.auth_permission USING btree (content_type_id);


--
-- Name: auth_user_groups_group_id_97559544; Type: INDEX; Schema: public; Owner: mrdzhofik
--

CREATE INDEX auth_user_groups_group_id_97559544 ON public.auth_user_groups USING btree (group_id);


--
-- Name: auth_user_groups_user_id_6a12ed8b; Type: INDEX; Schema: public; Owner: mrdzhofik
--

CREATE INDEX auth_user_groups_user_id_6a12ed8b ON public.auth_user_groups USING btree (user_id);


--
-- Name: auth_user_user_permissions_permission_id_1fbb5f2c; Type: INDEX; Schema: public; Owner: mrdzhofik
--

CREATE INDEX auth_user_user_permissions_permission_id_1fbb5f2c ON public.auth_user_user_permissions USING btree (permission_id);


--
-- Name: auth_user_user_permissions_user_id_a95ead1b; Type: INDEX; Schema: public; Owner: mrdzhofik
--

CREATE INDEX auth_user_user_permissions_user_id_a95ead1b ON public.auth_user_user_permissions USING btree (user_id);


--
-- Name: auth_user_username_6821ab7c_like; Type: INDEX; Schema: public; Owner: mrdzhofik
--

CREATE INDEX auth_user_username_6821ab7c_like ON public.auth_user USING btree (username varchar_pattern_ops);


--
-- Name: django_admin_log_content_type_id_c4bce8eb; Type: INDEX; Schema: public; Owner: mrdzhofik
--

CREATE INDEX django_admin_log_content_type_id_c4bce8eb ON public.django_admin_log USING btree (content_type_id);


--
-- Name: django_admin_log_user_id_c564eba6; Type: INDEX; Schema: public; Owner: mrdzhofik
--

CREATE INDEX django_admin_log_user_id_c564eba6 ON public.django_admin_log USING btree (user_id);


--
-- Name: django_session_expire_date_a5c62663; Type: INDEX; Schema: public; Owner: mrdzhofik
--

CREATE INDEX django_session_expire_date_a5c62663 ON public.django_session USING btree (expire_date);


--
-- Name: django_session_session_key_c0390e0f_like; Type: INDEX; Schema: public; Owner: mrdzhofik
--

CREATE INDEX django_session_session_key_c0390e0f_like ON public.django_session USING btree (session_key varchar_pattern_ops);


--
-- Name: tour_excursion_photo_excursion_id_f9486d1a; Type: INDEX; Schema: public; Owner: mrdzhofik
--

CREATE INDEX tour_excursion_photo_excursion_id_f9486d1a ON public.tour_excursion_photo USING btree (excursion_id);


--
-- Name: tour_hotel_photo_hotel_id_78e0e4c3; Type: INDEX; Schema: public; Owner: mrdzhofik
--

CREATE INDEX tour_hotel_photo_hotel_id_78e0e4c3 ON public.tour_hotel_photo USING btree (hotel_id);


--
-- Name: tour_tour_excursion_excursion_id_d41cd0da; Type: INDEX; Schema: public; Owner: mrdzhofik
--

CREATE INDEX tour_tour_excursion_excursion_id_d41cd0da ON public.tour_tour_excursion USING btree (excursion_id);


--
-- Name: tour_tour_excursion_tour_id_a11ce8ed; Type: INDEX; Schema: public; Owner: mrdzhofik
--

CREATE INDEX tour_tour_excursion_tour_id_a11ce8ed ON public.tour_tour_excursion USING btree (tour_id);


--
-- Name: tour_tour_hotel_hotel_id_1757204f; Type: INDEX; Schema: public; Owner: mrdzhofik
--

CREATE INDEX tour_tour_hotel_hotel_id_1757204f ON public.tour_tour_hotel USING btree (hotel_id);


--
-- Name: tour_tour_hotel_tour_id_2628fed1; Type: INDEX; Schema: public; Owner: mrdzhofik
--

CREATE INDEX tour_tour_hotel_tour_id_2628fed1 ON public.tour_tour_hotel USING btree (tour_id);


--
-- Name: tour_tour_town_id_79ea7d1f; Type: INDEX; Schema: public; Owner: mrdzhofik
--

CREATE INDEX tour_tour_town_id_79ea7d1f ON public.tour_tour USING btree (town_id);


--
-- Name: auth_group_permissions auth_group_permissio_permission_id_84c5c92e_fk_auth_perm; Type: FK CONSTRAINT; Schema: public; Owner: mrdzhofik
--

ALTER TABLE ONLY public.auth_group_permissions
    ADD CONSTRAINT auth_group_permissio_permission_id_84c5c92e_fk_auth_perm FOREIGN KEY (permission_id) REFERENCES public.auth_permission(id) DEFERRABLE INITIALLY DEFERRED;


--
-- Name: auth_group_permissions auth_group_permissions_group_id_b120cbf9_fk_auth_group_id; Type: FK CONSTRAINT; Schema: public; Owner: mrdzhofik
--

ALTER TABLE ONLY public.auth_group_permissions
    ADD CONSTRAINT auth_group_permissions_group_id_b120cbf9_fk_auth_group_id FOREIGN KEY (group_id) REFERENCES public.auth_group(id) DEFERRABLE INITIALLY DEFERRED;


--
-- Name: auth_permission auth_permission_content_type_id_2f476e4b_fk_django_co; Type: FK CONSTRAINT; Schema: public; Owner: mrdzhofik
--

ALTER TABLE ONLY public.auth_permission
    ADD CONSTRAINT auth_permission_content_type_id_2f476e4b_fk_django_co FOREIGN KEY (content_type_id) REFERENCES public.django_content_type(id) DEFERRABLE INITIALLY DEFERRED;


--
-- Name: auth_user_groups auth_user_groups_group_id_97559544_fk_auth_group_id; Type: FK CONSTRAINT; Schema: public; Owner: mrdzhofik
--

ALTER TABLE ONLY public.auth_user_groups
    ADD CONSTRAINT auth_user_groups_group_id_97559544_fk_auth_group_id FOREIGN KEY (group_id) REFERENCES public.auth_group(id) DEFERRABLE INITIALLY DEFERRED;


--
-- Name: auth_user_groups auth_user_groups_user_id_6a12ed8b_fk_auth_user_id; Type: FK CONSTRAINT; Schema: public; Owner: mrdzhofik
--

ALTER TABLE ONLY public.auth_user_groups
    ADD CONSTRAINT auth_user_groups_user_id_6a12ed8b_fk_auth_user_id FOREIGN KEY (user_id) REFERENCES public.auth_user(id) DEFERRABLE INITIALLY DEFERRED;


--
-- Name: auth_user_user_permissions auth_user_user_permi_permission_id_1fbb5f2c_fk_auth_perm; Type: FK CONSTRAINT; Schema: public; Owner: mrdzhofik
--

ALTER TABLE ONLY public.auth_user_user_permissions
    ADD CONSTRAINT auth_user_user_permi_permission_id_1fbb5f2c_fk_auth_perm FOREIGN KEY (permission_id) REFERENCES public.auth_permission(id) DEFERRABLE INITIALLY DEFERRED;


--
-- Name: auth_user_user_permissions auth_user_user_permissions_user_id_a95ead1b_fk_auth_user_id; Type: FK CONSTRAINT; Schema: public; Owner: mrdzhofik
--

ALTER TABLE ONLY public.auth_user_user_permissions
    ADD CONSTRAINT auth_user_user_permissions_user_id_a95ead1b_fk_auth_user_id FOREIGN KEY (user_id) REFERENCES public.auth_user(id) DEFERRABLE INITIALLY DEFERRED;


--
-- Name: django_admin_log django_admin_log_content_type_id_c4bce8eb_fk_django_co; Type: FK CONSTRAINT; Schema: public; Owner: mrdzhofik
--

ALTER TABLE ONLY public.django_admin_log
    ADD CONSTRAINT django_admin_log_content_type_id_c4bce8eb_fk_django_co FOREIGN KEY (content_type_id) REFERENCES public.django_content_type(id) DEFERRABLE INITIALLY DEFERRED;


--
-- Name: django_admin_log django_admin_log_user_id_c564eba6_fk_auth_user_id; Type: FK CONSTRAINT; Schema: public; Owner: mrdzhofik
--

ALTER TABLE ONLY public.django_admin_log
    ADD CONSTRAINT django_admin_log_user_id_c564eba6_fk_auth_user_id FOREIGN KEY (user_id) REFERENCES public.auth_user(id) DEFERRABLE INITIALLY DEFERRED;


--
-- Name: tour_excursion_photo tour_excursion_photo_excursion_id_f9486d1a_fk_tour_excursion_id; Type: FK CONSTRAINT; Schema: public; Owner: mrdzhofik
--

ALTER TABLE ONLY public.tour_excursion_photo
    ADD CONSTRAINT tour_excursion_photo_excursion_id_f9486d1a_fk_tour_excursion_id FOREIGN KEY (excursion_id) REFERENCES public.tour_excursion(id) DEFERRABLE INITIALLY DEFERRED;


--
-- Name: tour_hotel_photo tour_hotel_photo_hotel_id_78e0e4c3_fk_tour_hotel_id; Type: FK CONSTRAINT; Schema: public; Owner: mrdzhofik
--

ALTER TABLE ONLY public.tour_hotel_photo
    ADD CONSTRAINT tour_hotel_photo_hotel_id_78e0e4c3_fk_tour_hotel_id FOREIGN KEY (hotel_id) REFERENCES public.tour_hotel(id) DEFERRABLE INITIALLY DEFERRED;


--
-- Name: tour_tour_excursion tour_tour_excursion_excursion_id_d41cd0da_fk_tour_excursion_id; Type: FK CONSTRAINT; Schema: public; Owner: mrdzhofik
--

ALTER TABLE ONLY public.tour_tour_excursion
    ADD CONSTRAINT tour_tour_excursion_excursion_id_d41cd0da_fk_tour_excursion_id FOREIGN KEY (excursion_id) REFERENCES public.tour_excursion(id) DEFERRABLE INITIALLY DEFERRED;


--
-- Name: tour_tour_excursion tour_tour_excursion_tour_id_a11ce8ed_fk_tour_tour_id; Type: FK CONSTRAINT; Schema: public; Owner: mrdzhofik
--

ALTER TABLE ONLY public.tour_tour_excursion
    ADD CONSTRAINT tour_tour_excursion_tour_id_a11ce8ed_fk_tour_tour_id FOREIGN KEY (tour_id) REFERENCES public.tour_tour(id) DEFERRABLE INITIALLY DEFERRED;


--
-- Name: tour_tour_hotel tour_tour_hotel_hotel_id_1757204f_fk_tour_hotel_id; Type: FK CONSTRAINT; Schema: public; Owner: mrdzhofik
--

ALTER TABLE ONLY public.tour_tour_hotel
    ADD CONSTRAINT tour_tour_hotel_hotel_id_1757204f_fk_tour_hotel_id FOREIGN KEY (hotel_id) REFERENCES public.tour_hotel(id) DEFERRABLE INITIALLY DEFERRED;


--
-- Name: tour_tour_hotel tour_tour_hotel_tour_id_2628fed1_fk_tour_tour_id; Type: FK CONSTRAINT; Schema: public; Owner: mrdzhofik
--

ALTER TABLE ONLY public.tour_tour_hotel
    ADD CONSTRAINT tour_tour_hotel_tour_id_2628fed1_fk_tour_tour_id FOREIGN KEY (tour_id) REFERENCES public.tour_tour(id) DEFERRABLE INITIALLY DEFERRED;


--
-- Name: tour_tour tour_tour_town_id_79ea7d1f_fk_tour_town_id; Type: FK CONSTRAINT; Schema: public; Owner: mrdzhofik
--

ALTER TABLE ONLY public.tour_tour
    ADD CONSTRAINT tour_tour_town_id_79ea7d1f_fk_tour_town_id FOREIGN KEY (town_id) REFERENCES public.tour_town(id) DEFERRABLE INITIALLY DEFERRED;


--
-- PostgreSQL database dump complete
--

